-- Add all the datapopulation queries in this table
INSERT INTO property (property_id,agentID,sellerID,title,property_type,listing_type,price,area_sqft,bhk,house_no,house_name,locality_name,city,pincode,status,listed_on,updated_on,year_built) VALUES
('0',NULL,'34','3 BHK Apartment in CHRISTIAN BASTI','mansion','sold','4500000','1500.0','3.0','115','Green Villa','CHRISTIAN BASTI','Guwahati','781661','sold','2023-04-14','2024-06-30','2022'),
('1',NULL,'34','3 BHK Apartment in LAL GANESH','duplex','sold','7879000','1751.0','3.0','124','Blue Nest','LAL GANESH','Guwahati','781863','available','2023-06-03','2024-01-25','2014'),
('2',NULL,'17','2 BHK Apartment in BORAGAON','apartment','sold','3150000','750.0','2.0','83','Silver Heights','BORAGAON','Guwahati','781474','available','2023-01-06','2024-04-03','2021'),
('3',NULL,'12','2 BHK Apartment in BAGHARBARI','duplex','sold','5000000','1100.0','2.0','30','Silver Heights','BAGHARBARI','Guwahati','781574','rented','2023-04-08','2023-11-28','2006'),
('4',NULL,'24','3 BHK Apartment in BELTOLA','flat','sold','6520000','1630.0','3.0','20','Sun Residency','BELTOLA','Guwahati','781972','sold','2023-09-20','2024-07-20','2008'),
('5',NULL,'11','3 BHK Apartment in AHOM GAON','house','rented','4996000','1249.0','3.0','85','Blue Nest','AHOM GAON','Guwahati','781653','rented','2023-02-11','2024-02-18','2011'),
('6',NULL,'41','4 BHK Apartment in BAMUNIMAIDAM','triplex','rented','6400000','1400.0','4.0','150','Blue Nest','BAMUNIMAIDAM','Guwahati','781494','sold','2023-02-07','2023-10-31','2004'),
('7',NULL,'48','2 BHK Apartment in KAHILIPARA','apartment','sold','4000000','900.0','2.0','63','Green Villa','KAHILIPARA','Guwahati','781880','sold','2023-03-15','2024-02-19','2025'),
('8',NULL,'10','3 BHK Apartment in BELTOLA','house','sold','6500000','1300.0','3.0','45','Blue Nest','BELTOLA','Guwahati','781582','sold','2023-05-19','2024-02-08','2009'),
('9',NULL,'38','3 BHK Apartment in SIX MILE','triplex','rented','7425000','1650.0','3.0','131','Green Villa','SIX MILE','Guwahati','781423','available','2023-09-05','2023-11-20','2015'),
('10',NULL,'35','3 BHK Apartment in KAHILIPARA','house','sold','5630000','1320.0','3.0','86','Green Villa','KAHILIPARA','Guwahati','781599','available','2023-09-19','2024-01-25','2022'),
('11',NULL,'26','4 BHK Apartment in REHABARI','bungalow','rented','25600000','3425.0','4.0','88','Sun Residency','REHABARI','Guwahati','781116','rented','2023-09-14','2024-06-19','2008'),
('12',NULL,'1','1 BHK Apartment in SIX MILE','villa','sold','3200000','660.0','1.0','66','Green Villa','SIX MILE','Guwahati','781171','available','2023-06-02','2024-03-05','2011'),
('13',NULL,'29','3 BHK Apartment in LOKHRA','apartment','rented','6500000','1300.0','3.0','72','Silver Heights','LOKHRA','Guwahati','781233','rented','2023-01-05','2024-06-07','2000'),
('14',NULL,'20','2 BHK Apartment in LAL GANESH','triplex','sold','4250000','860.0','2.0','142','Blue Nest','LAL GANESH','Guwahati','781647','rented','2023-03-10','2024-07-23','2021'),
('15',NULL,'12','3 BHK Apartment in KAHILIPARA','triplex','rented','5950000','1150.0','3.0','57','Silver Heights','KAHILIPARA','Guwahati','781885','available','2023-10-11','2024-03-19','2005'),
('16',NULL,'39','2 BHK Apartment in BELTOLA','bungalow','sold','4700000','1023.0','2.0','138','Blue Nest','BELTOLA','Guwahati','781428','sold','2023-10-24','2024-04-22','2010'),
('17',NULL,'7','3 BHK Apartment in JYOTIKUCHI','apartment','rented','3600000','850.0','3.0','48','Sun Residency','JYOTIKUCHI','Guwahati','781124','sold','2023-03-16','2024-02-18','2016'),
('18',NULL,'7','3 BHK Apartment in BAMUNIMAIDAM','mansion','sold','6673000','1405.0','3.0','47','Green Villa','BAMUNIMAIDAM','Guwahati','781873','rented','2023-07-18','2024-01-29','2012'),
('19',NULL,'44','3 BHK Apartment in SARANIA HILLS','apartment','rented','5100000','1150.0','3.0','94','Green Villa','SARANIA HILLS','Guwahati','781235','rented','2023-05-10','2024-06-13','2019'),
('20',NULL,'35','3 BHK Apartment in SIX MILE','duplex','sold','6500000','1300.0','3.0','10','Silver Heights','SIX MILE','Guwahati','781196','available','2023-04-18','2024-03-31','2018'),
('21',NULL,'43','3 BHK Apartment in GANESHGURI','bungalow','rented','6400000','1030.0','3.0','95','Sun Residency','GANESHGURI','Guwahati','781031','available','2023-10-10','2023-12-21','2024'),
('22',NULL,'6','3 BHK Apartment in BELTOLA','mansion','sold','6520000','1630.0','3.0','123','Sun Residency','BELTOLA','Guwahati','781313','rented','2023-06-06','2024-04-03','2010'),
('23',NULL,'3','2 BHK Apartment in AHOM GAON','villa','rented','3444000','861.0','2.0','124','Blue Nest','AHOM GAON','Guwahati','781748','sold','2023-06-04','2023-12-25','2010'),
('24',NULL,'14','4 BHK Apartment in KAHILIPARA','villa','sold','7750000','1350.0','4.0','18','Silver Heights','KAHILIPARA','Guwahati','781097','available','2023-05-25','2024-08-16','2009'),
('25',NULL,'9','2 BHK Apartment in SACHAL PATH VIP ROAD BYLANE NUMBER 1','house','rented','4300000','1000.0','2.0','81','Sun Residency','SACHAL PATH VIP ROAD BYLANE NUMBER 1','Guwahati','781507','sold','2023-08-18','2023-10-31','2018'),
('26',NULL,'20','2 BHK Apartment in CHANDMARI','mansion','sold','6480000','909.0','2.0','45','Blue Nest','CHANDMARI','Guwahati','781605','sold','2023-10-13','2023-11-14','2020'),
('27',NULL,'14','2 BHK Apartment in NOONMATI','triplex','rented','4700000','1150.0','2.0','61','Green Villa','NOONMATI','Guwahati','781825','rented','2023-03-22','2024-04-14','2021'),
('28',NULL,'38','3 BHK Apartment in ULUBARI','villa','sold','8000000','1380.0','3.0','68','Sun Residency','ULUBARI','Guwahati','781965','sold','2023-09-14','2024-04-14','2025'),
('29',NULL,'10','3 BHK Apartment in DISPUR','bungalow','rented','9900000','1990.0','3.0','135','Green Villa','DISPUR','Guwahati','781657','sold','2023-10-19','2024-07-01','2010'),
('30',NULL,'17','3 BHK Apartment in BELTOLA','duplex','sale','7368000','1842.0','3.0','124','Silver Heights','BELTOLA','Guwahati','781367','available','2023-10-18','2024-07-01','2012'),
('31',NULL,'14','3 BHK Apartment in AHOM GAON','duplex','sale','4556000','1114.0','3.0','92','Blue Nest','AHOM GAON','Guwahati','781662','rented','2023-08-12','2023-12-27','2004'),
('32',NULL,'37','3 BHK Apartment in BELTOLA','apartment','sale','6136000','1180.0','3.0','56','Sun Residency','BELTOLA','Guwahati','781351','rented','2023-02-08','2024-05-05','2023'),
('33',NULL,'18','3 BHK Apartment in SARUMOTORIA','apartment','rent','7000000','1444.0','3.0','9','Sun Residency','SARUMOTORIA','Guwahati','781392','rented','2023-02-20','2023-11-25','2010'),
('34',NULL,'25','3 BHK Apartment in SOUTH SARANIA ROAD','villa','rent','6600000','1400.0','3.0','120','Blue Nest','SOUTH SARANIA ROAD','Guwahati','781183','available','2023-03-10','2023-12-10','2003'),
('35',NULL,'22','3 BHK Apartment in DOWNTOWN','villa','sale','6500000','1350.0','3.0','54','Silver Heights','DOWNTOWN','Guwahati','781945','sold','2023-10-14','2024-06-03','2009'),
('36',NULL,'42','4 BHK Apartment in JATIA','villa','rent','6500000','1800.0','4.0','79','Green Villa','JATIA','Guwahati','781763','sold','2023-02-26','2023-11-15','2007'),
('37',NULL,'3','3 BHK Apartment in ATHGAON','duplex','rent','9295000','1430.0','3.0','122','Blue Nest','ATHGAON','Guwahati','781191','sold','2023-04-30','2024-02-18','2019'),
('38',NULL,'2','2 BHK Apartment in DHARAPUR','apartment','sale','3100000','849.0','2.0','6','Green Villa','DHARAPUR','Guwahati','781350','available','2023-01-18','2024-07-14','2024'),
('39',NULL,'17','3 BHK Apartment in BAMUNIMAIDAM','villa','sale','7250000','1450.0','3.0','71','Blue Nest','BAMUNIMAIDAM','Guwahati','781023','available','2023-02-08','2024-03-16','2013'),
('40',NULL,'16','2 BHK Apartment in RADHA NAGAR','triplex','rent','5300000','1064.0','2.0','137','Green Villa','RADHA NAGAR','Guwahati','781353','available','2023-01-10','2024-06-15','2012'),
('41',NULL,'25','3 BHK Apartment in BAMUNIMAIDAN','villa','sale','5150000','1264.0','3.0','112','Sun Residency','BAMUNIMAIDAN','Guwahati','781858','rented','2023-09-13','2024-04-29','2000'),
('42',NULL,'30','2 BHK Apartment in DHARAPUR','mansion','sale','3300000','953.0','2.0','125','Blue Nest','DHARAPUR','Guwahati','781356','available','2023-08-29','2023-11-14','2016'),
('43',NULL,'46','1 BHK Apartment in LOKHRA','villa','sale','2000000','431.0','1.0','83','Silver Heights','LOKHRA','Guwahati','781249','rented','2023-07-23','2024-07-14','2000'),
('44',NULL,'49','3 BHK Apartment in CHRISTIAN BASTI','apartment','sale','4500000','1400.0','3.0','38','Sun Residency','CHRISTIAN BASTI','Guwahati','781546','sold','2023-10-10','2024-03-20','2006'),
('45',NULL,'24','2 BHK Apartment in GHORAMARA','duplex','sale','4300000','1020.0','2.0','118','Green Villa','GHORAMARA','Guwahati','781369','available','2023-09-25','2024-06-12','2009'),
('46',NULL,'3','3 BHK Apartment in CHANDMARI','flat','rent','5855000','1050.0','3.0','92','Sun Residency','CHANDMARI','Guwahati','781329','available','2023-10-14','2024-04-22','2016'),
('47',NULL,'48','4 BHK Apartment in DHARAPUR','house','rent','7200000','1810.0','4.0','32','Blue Nest','DHARAPUR','Guwahati','781724','available','2023-03-02','2024-05-19','2017'),
('48',NULL,'24','3 BHK Apartment in DHARAPUR','house','rent','6228000','1450.0','3.0','20','Silver Heights','DHARAPUR','Guwahati','781613','available','2023-05-03','2024-08-08','2006'),
('49',NULL,'32','4 BHK Apartment in ZOO TINIALI','house','sale','12600000','1440.0','4.0','13','Green Villa','ZOO TINIALI','Guwahati','781837','rented','2023-01-01','2024-04-24','2023'),
('50',NULL,'26','2 BHK Apartment in LOKHRA','triplex','rent','3700000','750.0','2.0','97','Sun Residency','LOKHRA','Guwahati','781570','sold','2023-05-07','2024-04-30','2021'),
('51',NULL,'13','3 BHK Apartment in BORBARI','house','rent','5500000','1300.0','3.0','138','Sun Residency','BORBARI','Guwahati','781295','available','2023-09-10','2024-08-19','2013'),
('52',NULL,'14','3 BHK Apartment in SIX MILE','mansion','rent','7400000','1453.0','3.0','90','Silver Heights','SIX MILE','Guwahati','781893','available','2023-08-20','2023-12-23','2009'),
('53',NULL,'25','2 BHK Apartment in LAL GANESH','duplex','sale','4230000','940.0','2.0','105','Green Villa','LAL GANESH','Guwahati','781997','sold','2023-03-21','2024-07-26','2003'),
('54',NULL,'35','2 BHK Apartment in SARUMOTORIA','villa','sale','5000000','913.0','2.0','41','Blue Nest','SARUMOTORIA','Guwahati','781928','rented','2023-02-20','2024-01-13','2016'),
('55',NULL,'16','3 BHK Apartment in RADHA NAGAR','triplex','sale','6720000','1400.0','3.0','34','Silver Heights','RADHA NAGAR','Guwahati','781257','rented','2023-07-04','2024-02-14','2003'),
('56',NULL,'44','3 BHK Apartment in GANESHGURI','duplex','sale','7500000','1650.0','3.0','23','Blue Nest','GANESHGURI','Guwahati','781627','available','2023-09-21','2024-04-15','2011'),
('57',NULL,'6','3 BHK Apartment in BELTOLA','bungalow','rent','5500000','1242.0','3.0','39','Silver Heights','BELTOLA','Guwahati','781933','sold','2023-06-01','2024-08-17','2018'),
('58',NULL,'38','3 BHK Apartment in BELTOLA','mansion','sale','7368000','1842.0','3.0','115','Green Villa','BELTOLA','Guwahati','781413','sold','2023-03-11','2024-06-29','2008'),
('59',NULL,'7','1 BHK Apartment in KAHILIPARA ROAD','mansion','rent','2000000','450.0','1.0','81','Sun Residency','KAHILIPARA ROAD','Guwahati','781377','available','2023-01-04','2024-07-19','2014'),
('60',NULL,'24','3 BHK Apartment in ULUBARI','duplex','sale','7134999','1695.0','3.0','59','Silver Heights','ULUBARI','Guwahati','781316','available','2023-04-28','2024-07-04','2020'),
('61',NULL,'6','4 BHK Apartment in DHARAPUR','villa','sale','9153000','2350.0','4.0','30','Green Villa','DHARAPUR','Guwahati','781579','available','2023-02-19','2024-08-11','2018'),
('62',NULL,'49','2 BHK Apartment in CHANDMARI','bungalow','rent','4550000','850.0','2.0','149','Green Villa','CHANDMARI','Guwahati','781469','rented','2023-10-02','2024-08-20','2008'),
('63',NULL,'46','3 BHK Apartment in ZOO ROAD','apartment','rent','8059999','1550.0','3.0','114','Blue Nest','ZOO ROAD','Guwahati','781189','sold','2023-04-25','2024-03-07','2000'),
('64',NULL,'50','2 BHK Apartment in KAHILIPARA','house','sale','4300000','1050.0','2.0','95','Blue Nest','KAHILIPARA','Guwahati','781418','available','2023-04-01','2024-07-06','2019'),
('65',NULL,'6','3 BHK Apartment in GANESHGURI','bungalow','sale','6800000','1450.0','3.0','95','Silver Heights','GANESHGURI','Guwahati','781441','sold','2023-05-23','2024-08-19','2009'),
('66',NULL,'18','3 BHK Apartment in KAHILIPARA ROAD','duplex','sale','5400000','1250.0','3.0','76','Blue Nest','KAHILIPARA ROAD','Guwahati','781521','rented','2023-03-29','2024-01-08','2025'),
('67',NULL,'24','3 BHK Apartment in DISPUR','bungalow','rent','4000000','932.0','3.0','121','Sun Residency','DISPUR','Guwahati','781289','rented','2023-07-18','2024-05-27','2016'),
('68',NULL,'6','2 BHK Apartment in DOWNTOWN','flat','rent','4000000','950.0','2.0','77','Green Villa','DOWNTOWN','Guwahati','781197','available','2023-07-26','2024-04-23','2025'),
('69',NULL,'2','3 BHK Apartment in BELTOLA','bungalow','rent','15000000','2000.0','3.0','90','Blue Nest','BELTOLA','Guwahati','781947','rented','2023-02-09','2023-11-26','2011'),
('70',NULL,'16','3 BHK Apartment in KAHILIPARA','house','rent','5638000','1170.0','3.0','98','Blue Nest','KAHILIPARA','Guwahati','781712','rented','2023-09-17','2024-01-28','2016'),
('71',NULL,'18','4 BHK Apartment in AZARA','mansion','sale','7865000','1958.0','4.0','14','Silver Heights','AZARA','Guwahati','781055','available','2023-06-15','2024-06-11','2019'),
('72',NULL,'26','2 BHK Apartment in PATOR KUCHI','mansion','sale','4300000','850.0','2.0','147','Silver Heights','PATOR KUCHI','Guwahati','781229','rented','2023-04-16','2024-07-29','2023'),
('73',NULL,'26','3 BHK Apartment in GHORAMARA','apartment','rent','7500000','1105.0','3.0','85','Green Villa','GHORAMARA','Guwahati','781698','available','2023-03-21','2024-02-29','2023'),
('74',NULL,'4','2 BHK Apartment in BASISTHA','triplex','rent','3840000','960.0','2.0','98','Blue Nest','BASISTHA','Guwahati','781024','rented','2023-08-05','2023-11-30','2000'),
('75',NULL,'2','3 BHK Apartment in KALA PAHAR','apartment','rent','5400000','1200.0','3.0','104','Silver Heights','KALA PAHAR','Guwahati','781580','rented','2023-07-04','2024-07-16','2019'),
('76',NULL,'4','3 BHK Apartment in LOKHRA','villa','sale','4901000','1181.0','3.0','68','Silver Heights','LOKHRA','Guwahati','781429','available','2023-03-16','2024-01-12','2023'),
('77',NULL,'25','2 BHK Apartment in SIX MILE','house','rent','4902000','1043.0','2.0','86','Sun Residency','SIX MILE','Guwahati','781772','available','2023-08-01','2024-04-01','2011'),
('78',NULL,'14','2 BHK Apartment in DISPUR','mansion','sale','5670000','1134.0','2.0','109','Green Villa','DISPUR','Guwahati','781858','sold','2023-07-14','2023-12-19','2005'),
('79',NULL,'20','2 BHK Apartment in KAHILIPARA','apartment','sale','4838000','1152.0','2.0','50','Blue Nest','KAHILIPARA','Guwahati','781239','rented','2023-01-06','2024-08-04','2017'),
('80',NULL,'41','1 BHK Apartment in AZARA','bungalow','sale','2205000','630.0','1.0','123','Silver Heights','AZARA','Guwahati','781842','sold','2023-05-21','2023-11-24','2014'),
('81',NULL,'4','3 BHK Apartment in LAL GANESH','mansion','sale','5250000','1250.0','3.0','86','Green Villa','LAL GANESH','Guwahati','781708','sold','2023-01-28','2024-03-25','2023'),
('82',NULL,'27','3 BHK Apartment in GANESHGURI','house','sale','7900000','1550.0','3.0','83','Green Villa','GANESHGURI','Guwahati','781614','sold','2023-08-10','2024-06-14','2021'),
('83',NULL,'12','2 BHK Apartment in LAL GANESH','mansion','sale','3500000','800.0','2.0','46','Silver Heights','LAL GANESH','Guwahati','781716','sold','2023-06-07','2024-08-19','2025'),
('84',NULL,'34','2 BHK Apartment in LALMATI','duplex','sale','4700000','990.0','2.0','134','Sun Residency','LALMATI','Guwahati','781931','sold','2023-10-23','2023-12-02','2024'),
('85',NULL,'13','2 BHK Apartment in RUKMINI GAON','mansion','rent','3700000','800.0','2.0','76','Green Villa','RUKMINI GAON','Guwahati','781595','available','2023-04-15','2024-01-13','2017'),
('86',NULL,'13','3 BHK Apartment in KALA PAHAR','bungalow','sale','6200000','1170.0','3.0','39','Green Villa','KALA PAHAR','Guwahati','781380','rented','2023-06-30','2023-12-16','2018'),
('87',NULL,'38','3 BHK Apartment in REHABARI','villa','rent','6700000','1200.0','3.0','114','Green Villa','REHABARI','Guwahati','781247','rented','2023-04-16','2024-03-15','2006'),
('88',NULL,'17','3 BHK Apartment in GHORAMARA','duplex','sale','6600000','1300.0','3.0','142','Green Villa','GHORAMARA','Guwahati','781610','sold','2023-06-09','2024-03-17','2005'),
('89',NULL,'6','3 BHK Apartment in MATHGHARIA','triplex','sale','7700000','1350.0','3.0','52','Green Villa','MATHGHARIA','Guwahati','781973','rented','2023-02-10','2024-01-30','2007'),
('90',NULL,'1','2 BHK Apartment in KAHILIPARA','bungalow','rent','3800000','750.0','2.0','147','Green Villa','KAHILIPARA','Guwahati','781506','available','2023-10-05','2024-03-18','2016'),
('91',NULL,'27','3 BHK Apartment in BASISTHA','triplex','sale','7500000','1500.0','3.0','121','Silver Heights','BASISTHA','Guwahati','781461','available','2023-01-03','2024-03-09','2002'),
('92',NULL,'43','3 BHK Apartment in KHANAPARA','duplex','sale','7100000','1500.0','3.0','68','Silver Heights','KHANAPARA','Guwahati','781889','available','2023-09-20','2024-04-21','2017'),
('93',NULL,'42','3 BHK Apartment in BHANGAGARH','triplex','rent','13000000','2050.0','3.0','35','Blue Nest','BHANGAGARH','Guwahati','781456','rented','2023-08-02','2023-12-27','2016'),
('94',NULL,'13','3 BHK Apartment in CHANDMARI','villa','sale','6000000','1350.0','3.0','9','Sun Residency','CHANDMARI','Guwahati','781452','rented','2023-08-21','2024-08-23','2012'),
('95',NULL,'22','3 BHK Apartment in GEETANAGAR','flat','sale','6300000','1135.0','3.0','145','Sun Residency','GEETANAGAR','Guwahati','781027','available','2023-07-03','2024-01-15','2023'),
('96',NULL,'4','3 BHK Apartment in ZOO TINIALI','duplex','rent','9500000','1500.0','3.0','95','Sun Residency','ZOO TINIALI','Guwahati','781252','rented','2023-08-26','2024-03-16','2012'),
('97',NULL,'48','3 BHK Apartment in ZOO TINIALI','bungalow','rent','7900000','1565.0','3.0','101','Silver Heights','ZOO TINIALI','Guwahati','781937','rented','2023-01-29','2023-12-31','2015'),
('98',NULL,'18','3 BHK Apartment in SARUSAJAI','flat','sale','5700000','1446.0','3.0','6','Sun Residency','SARUSAJAI','Guwahati','781827','rented','2023-02-24','2024-06-12','2018'),
('99',NULL,'18','1 BHK Apartment in BELTOLA','flat','rent','3200000','790.0','1.0','116','Blue Nest','BELTOLA','Guwahati','781681','sold','2023-05-26','2023-11-06','2023'),
('100',NULL,'47','2 BHK Apartment in BHETAPARA','duplex','rent','7476000','1246.0','2.0','67','Silver Heights','BHETAPARA','Guwahati','781017','rented','2023-04-19','2023-12-09','2016'),
('101',NULL,'5','3 BHK Apartment in BHETAPARA','triplex','sale','8904000','1590.0','3.0','106','Blue Nest','BHETAPARA','Guwahati','781703','sold','2023-07-30','2023-12-02','2020'),
('102',NULL,'5','3 BHK Apartment in NOONMATI','duplex','rent','7900000','1550.0','3.0','22','Silver Heights','NOONMATI','Guwahati','781765','rented','2023-01-19','2024-04-25','2008'),
('103',NULL,'35','3 BHK Apartment in CHANDMARI','duplex','sale','6984999','1117.0','3.0','9','Green Villa','CHANDMARI','Guwahati','781010','rented','2023-07-31','2024-01-29','2009'),
('104',NULL,'47','3 BHK Apartment in ZOO TINIALI','flat','sale','5658000','981.0','3.0','28','Sun Residency','ZOO TINIALI','Guwahati','781401','available','2023-06-22','2024-08-07','2010'),
('105',NULL,'7','2 BHK Apartment in HATIGAON','mansion','sale','5000000','1280.0','2.0','134','Blue Nest','HATIGAON','Guwahati','781525','rented','2023-01-11','2024-08-15','2014'),
('106',NULL,'38','1 BHK Apartment in SIX MILE','bungalow','rent','3250000','660.0','1.0','112','Sun Residency','SIX MILE','Guwahati','781198','sold','2023-02-22','2023-12-07','2022'),
('107',NULL,'31','4 BHK Apartment in SIX MILE','flat','rent','33000000','4300.0','4.0','84','Blue Nest','SIX MILE','Guwahati','781827','sold','2023-03-16','2024-02-01','2024'),
('108',NULL,'30','4 BHK Apartment in SIX MILE','duplex','sale','10500000','1778.0','4.0','71','Sun Residency','SIX MILE','Guwahati','781528','available','2023-04-11','2024-05-28','2000'),
('109',NULL,'29','1 BHK Apartment in SIX MILE','villa','sale','2800000','800.0','1.0','53','Silver Heights','SIX MILE','Guwahati','781832','available','2023-09-06','2023-11-19','2010'),
('110',NULL,'17','3 BHK Apartment in HATIGAON','flat','sale','7500000','1581.0','3.0','65','Sun Residency','HATIGAON','Guwahati','781846','available','2023-05-31','2024-03-19','2016'),
('111',NULL,'14','3 BHK Apartment in LOKHRA','apartment','rent','5248000','1312.0','3.0','82','Blue Nest','LOKHRA','Guwahati','781491','available','2023-09-30','2024-07-22','2008'),
('112',NULL,'49','2 BHK Apartment in LAL GANESH','duplex','rent','6300000','1266.0','2.0','30','Green Villa','LAL GANESH','Guwahati','781396','sold','2023-05-07','2023-12-10','2010'),
('113',NULL,'39','3 BHK Apartment in SIX MILE','flat','sale','8500000','1400.0','3.0','76','Sun Residency','SIX MILE','Guwahati','781820','available','2023-02-02','2024-02-19','2016'),
('114',NULL,'9','2 BHK Apartment in SIX MILE','flat','sale','4500000','1000.0','2.0','122','Sun Residency','SIX MILE','Guwahati','781113','sold','2023-02-23','2023-11-08','2017'),
('115',NULL,'13','3 BHK Apartment in LAL GANESH','bungalow','sale','7100000','1490.0','3.0','77','Sun Residency','LAL GANESH','Guwahati','781462','available','2023-07-05','2024-08-09','2006'),
('116',NULL,'16','3 BHK Apartment in LALMATI','mansion','sale','8500000','1300.0','3.0','5','Blue Nest','LALMATI','Guwahati','781814','rented','2023-10-23','2024-06-22','2023'),
('117',NULL,'47','2 BHK Apartment in CHANDMARI','triplex','sale','5500000','1200.0','2.0','3','Blue Nest','CHANDMARI','Guwahati','781854','sold','2023-09-24','2024-07-31','2001'),
('118',NULL,'11','2 BHK Apartment in CHRISTIAN BASTI','flat','sale','6500000','1000.0','2.0','107','Blue Nest','CHRISTIAN BASTI','Guwahati','781544','sold','2023-04-12','2024-02-04','2017'),
('119',NULL,'44','3 BHK Apartment in GHORAMARA','villa','rent','6500000','1500.0','3.0','66','Green Villa','GHORAMARA','Guwahati','781985','available','2023-03-04','2024-03-18','2017');

-- Data for users
INSERT INTO users (userId, name, email, phoneNumber, passwordHash) VALUES
(1,'Aarav Sharma','aarav1@gmail.com','9876543210','hash1'),
(2,'Vivaan Singh','vivaan2@gmail.com','9876543211','hash2'),
(3,'Aditya Kumar','aditya3@gmail.com','9876543212','hash3'),
(4,'Vihaan Gupta','vihaan4@gmail.com','9876543213','hash4'),
(5,'Arjun Verma','arjun5@gmail.com','9876543214','hash5'),
(6,'Sai Patel','sai6@gmail.com','9876543215','hash6'),
(7,'Reyansh Mehta','reyansh7@gmail.com','9876543216','hash7'),
(8,'Krishna Iyer','krishna8@gmail.com','9876543217','hash8'),
(9,'Ishaan Nair','ishaan9@gmail.com','9876543218','hash9'),
(10,'Shaurya Das','shaurya10@gmail.com','9876543219','hash10'),

(11,'Ananya Sharma','ananya11@gmail.com','9876543220','hash11'),
(12,'Diya Singh','diya12@gmail.com','9876543221','hash12'),
(13,'Saanvi Gupta','saanvi13@gmail.com','9876543222','hash13'),
(14,'Aadhya Patel','aadhya14@gmail.com','9876543223','hash14'),
(15,'Pari Mehta','pari15@gmail.com','9876543224','hash15'),
(16,'Myra Iyer','myra16@gmail.com','9876543225','hash16'),
(17,'Riya Nair','riya17@gmail.com','9876543226','hash17'),
(18,'Ira Das','ira18@gmail.com','9876543227','hash18'),
(19,'Sara Khan','sara19@gmail.com','9876543228','hash19'),
(20,'Zara Ali','zara20@gmail.com','9876543229','hash20'),

(21,'Kabir Joshi','kabir21@gmail.com','9876543230','hash21'),
(22,'Aryan Roy','aryan22@gmail.com','9876543231','hash22'),
(23,'Yash Jain','yash23@gmail.com','9876543232','hash23'),
(24,'Harsh Agarwal','harsh24@gmail.com','9876543233','hash24'),
(25,'Rohan Bansal','rohan25@gmail.com','9876543234','hash25'),
(26,'Kunal Arora','kunal26@gmail.com','9876543235','hash26'),
(27,'Nikhil Sethi','nikhil27@gmail.com','9876543236','hash27'),
(28,'Manav Kapoor','manav28@gmail.com','9876543237','hash28'),
(29,'Dev Malhotra','dev29@gmail.com','9876543238','hash29'),
(30,'Om Prakash','om30@gmail.com','9876543239','hash30'),

(31,'Neha Sharma','neha31@gmail.com','9876543240','hash31'),
(32,'Pooja Singh','pooja32@gmail.com','9876543241','hash32'),
(33,'Sneha Gupta','sneha33@gmail.com','9876543242','hash33'),
(34,'Kavya Patel','kavya34@gmail.com','9876543243','hash34'),
(35,'Meera Mehta','meera35@gmail.com','9876543244','hash35'),
(36,'Aisha Iyer','aisha36@gmail.com','9876543245','hash36'),
(37,'Naina Nair','naina37@gmail.com','9876543246','hash37'),
(38,'Simran Das','simran38@gmail.com','9876543247','hash38'),
(39,'Alina Khan','alina39@gmail.com','9876543248','hash39'),
(40,'Fatima Ali','fatima40@gmail.com','9876543249','hash40'),

(41,'Rahul Verma','rahul41@gmail.com','9876543250','hash41'),
(42,'Amit Kumar','amit42@gmail.com','9876543251','hash42'),
(43,'Suresh Yadav','suresh43@gmail.com','9876543252','hash43'),
(44,'Mukesh Singh','mukesh44@gmail.com','9876543253','hash44'),
(45,'Ramesh Gupta','ramesh45@gmail.com','9876543254','hash45'),
(46,'Deepak Sharma','deepak46@gmail.com','9876543255','hash46'),
(47,'Sunil Mehta','sunil47@gmail.com','9876543256','hash47'),
(48,'Anil Kapoor','anil48@gmail.com','9876543257','hash48'),
(49,'Vikas Jain','vikas49@gmail.com','9876543258','hash49'),
(50,'Rajesh Khanna','rajesh50@gmail.com','9876543259','hash50');

-- data for property seeker
INSERT INTO property_seeker 
(userId, aadharNumber, budgetMin, budgetMax, preferredLocality, propertyTypePreference, bhkNeed) VALUES

(1,'100000000001',1200000,3500000,'BELTOLA','apartment',2),
(2,'100000000002',800000,2500000,'LAL GANESH','flat',2.5),
(3,'100000000003',1500000,4000000,'DISPUR','villa',3),
(4,'100000000004',1000000,3000000,'GANESHGURI','house',2),
(5,'100000000005',2000000,5000000,'BORAGAON','apartment',3.5),

(6,'100000000006',900000,2800000,'BELTOLA','flat',2),
(7,'100000000007',1300000,3600000,'LAL GANESH','villa',3),
(8,'100000000008',700000,2000000,'DISPUR','apartment',1.5),
(9,'100000000009',1800000,4500000,'GANESHGURI','house',4),
(10,'100000000010',1100000,3200000,'BORAGAON','flat',2.5),

(11,'100000000011',950000,2700000,'BELTOLA','apartment',2),
(12,'100000000012',1600000,4200000,'LAL GANESH','villa',3),
(13,'100000000013',1200000,3500000,'DISPUR','flat',2.5),
(14,'100000000014',1400000,3800000,'GANESHGURI','house',3),
(15,'100000000015',2100000,5200000,'BORAGAON','apartment',4),

(16,'100000000016',1000000,3000000,'BELTOLA','flat',2),
(17,'100000000017',1700000,4300000,'LAL GANESH','villa',3.5),
(18,'100000000018',800000,2400000,'DISPUR','apartment',2),
(19,'100000000019',1900000,4700000,'GANESHGURI','house',4),
(20,'100000000020',1150000,3300000,'BORAGAON','flat',2.5),

(21,'100000000021',900000,2600000,'BELTOLA','apartment',2),
(22,'100000000022',1500000,4000000,'LAL GANESH','villa',3),
(23,'100000000023',1300000,3600000,'DISPUR','flat',2.5),
(24,'100000000024',1750000,4500000,'GANESHGURI','house',4),
(25,'100000000025',2200000,5500000,'BORAGAON','apartment',4.5),

(26,'100000000026',850000,2300000,'BELTOLA','flat',2),
(27,'100000000027',1400000,3900000,'LAL GANESH','villa',3),
(28,'100000000028',750000,2100000,'DISPUR','apartment',1.5),
(29,'100000000029',2000000,4800000,'GANESHGURI','house',4),
(30,'100000000030',1200000,3400000,'BORAGAON','flat',2.5),

(31,'100000000031',950000,2700000,'BELTOLA','apartment',2),
(32,'100000000032',1600000,4200000,'LAL GANESH','villa',3),
(33,'100000000033',1100000,3100000,'DISPUR','flat',2),
(34,'100000000034',1800000,4600000,'GANESHGURI','house',4),
(35,'100000000035',2100000,5300000,'BORAGAON','apartment',4.5);

--data for seller
INSERT INTO seller (userId, totalProperties, rating, verificationStatus) VALUES

(1,5,4.5,TRUE),
(2,2,3.8,TRUE),
(3,0,NULL,FALSE),
(4,7,4.2,TRUE),
(5,3,3.5,TRUE),

(6,1,2.8,FALSE),
(7,4,4.0,TRUE),
(8,0,NULL,FALSE),
(9,6,4.7,TRUE),
(10,2,3.2,TRUE),

(11,3,3.9,TRUE),
(12,5,4.3,TRUE),
(13,1,2.5,FALSE),
(14,0,NULL,FALSE),
(15,8,4.8,TRUE),

(16,2,3.6,TRUE),
(17,4,4.1,TRUE),
(18,0,NULL,FALSE),
(19,6,4.4,TRUE),
(20,3,3.7,TRUE),

(21,1,2.9,FALSE),
(22,5,4.6,TRUE),
(23,2,3.3,TRUE),
(24,0,NULL,FALSE),
(25,7,4.9,TRUE);

--data for agents
INSERT INTO agent (userId, rating, experienceYears, salary, dealCount, rentCount) VALUES
(1,4.5,5,50000,20,10),
(2,3.8,3,40000,15,8),
(3,4.2,7,65000,30,12),
(4,3.5,2,30000,10,5),
(5,4.8,10,90000,45,20),

(6,3.9,4,45000,18,9),
(7,4.1,6,60000,25,11),
(8,3.2,1,25000,8,3),
(9,4.6,9,85000,40,18),
(10,3.7,3,42000,14,7),

(11,4.3,8,70000,32,15),
(12,4.0,5,52000,22,10),
(13,3.4,2,28000,9,4),
(14,4.7,11,95000,48,22),
(15,4.9,12,100000,50,25);

-- data for indseller
INSERT INTO indSeller (userId, aadharNumber, panNumber) VALUES
(1,'100000000001','ABCDE00001'),
(2,'100000000002','ABCDE00002'),
(3,'100000000003','ABCDE00003'),
(4,'100000000004','ABCDE00004'),
(5,'100000000005','ABCDE00005'),
(6,'100000000006','ABCDE00006'),
(7,'100000000007','ABCDE00007'),
(8,'100000000008','ABCDE00008'),
(9,'100000000009','ABCDE00009'),
(10,'100000000010','ABCDE00010'),
(11,'100000000011','ABCDE00011'),
(12,'100000000012','ABCDE00012'),
(13,'100000000013','ABCDE00013'),
(14,'100000000014','ABCDE00014'),
(15,'100000000015','ABCDE00015');

--data for orgseller
INSERT INTO orgSeller 
(userId, organizationName, panNumber, registrationNumber, officeAddress, contactNumber, websiteUrl) VALUES

(16,'EstateCorp16','ORG00016AA','REG162026','Office 16, Guwahati','9000000016','www.estate16.com'),
(17,'EstateCorp17','ORG00017AA','REG172026','Office 17, Guwahati','9000000017','www.estate17.com'),
(18,'EstateCorp18','ORG00018AA','REG182026','Office 18, Guwahati','9000000018','www.estate18.com'),
(19,'EstateCorp19','ORG00019AA','REG192026','Office 19, Guwahati','9000000019','www.estate19.com'),
(20,'EstateCorp20','ORG00020AA','REG202026','Office 20, Guwahati','9000000020','www.estate20.com'),

(21,'EstateCorp21','ORG00021AA','REG212026','Office 21, Guwahati','9000000021','www.estate21.com'),
(22,'EstateCorp22','ORG00022AA','REG222026','Office 22, Guwahati','9000000022','www.estate22.com'),
(23,'EstateCorp23','ORG00023AA','REG232026','Office 23, Guwahati','9000000023','www.estate23.com'),
(24,'EstateCorp24','ORG00024AA','REG242026','Office 24, Guwahati','9000000024','www.estate24.com'),
(25,'EstateCorp25','ORG00025AA','REG252026','Office 25, Guwahati','9000000025','www.estate25.com');

--transactions
INSERT INTO transactions 
(transactionId, tansactionDate, transactionAmount, transactionType, propertyId, sellerId, seekerId, agentId) VALUES

(1,'2023-06-15',4500000,'sale',0,1,1,1),
(2,'2023-06-15',7879000,'sale',1,2,2,2),
(3,'2023-06-15',3150000,'sale',2,3,3,3),
(4,'2023-06-15',5000000,'sale',3,4,4,4),
(5,'2023-06-15',6520000,'sale',4,5,5,5),

(6,'2023-06-15',4500000,'rent',5,6,6,6),
(7,'2023-06-15',3000000,'rent',6,7,7,7),
(8,'2023-06-15',5200000,'sale',7,8,8,8),
(9,'2023-06-15',4100000,'sale',8,9,9,9),
(10,'2023-06-15',2800000,'rent',9,10,10,10),

(11,'2023-06-15',3600000,'sale',10,11,11,11),
(12,'2023-06-15',2700000,'rent',11,12,12,12),
(13,'2023-06-15',4900000,'sale',12,13,13,13),
(14,'2023-06-15',3100000,'rent',13,14,14,14),
(15,'2023-06-15',5500000,'sale',14,15,15,15),

(16,'2023-06-15',2600000,'rent',15,16,16,1),
(17,'2023-06-15',4700000,'sale',16,17,17,2),
(18,'2023-06-15',2900000,'rent',17,18,18,3),
(19,'2023-06-15',6000000,'sale',18,19,19,4),
(20,'2023-06-15',3200000,'rent',19,20,20,5),

(21,'2023-06-15',5100000,'sale',20,21,21,6),
(22,'2023-06-15',2800000,'rent',21,22,22,7),
(23,'2023-06-15',4300000,'sale',22,23,23,8),
(24,'2023-06-15',3000000,'rent',23,24,24,9),
(25,'2023-06-15',6200000,'sale',24,25,25,10),

(26,'2023-06-15',2700000,'rent',25,1,26,11),
(27,'2023-06-15',4800000,'sale',26,2,27,12),
(28,'2023-06-15',3100000,'rent',27,3,28,13),
(29,'2023-06-15',5400000,'sale',28,4,29,14),
(30,'2023-06-15',3500000,'rent',29,5,30,15);